MMS ID,Resource Type,Fund Ledger Name,Fund Ledger Code
991001124429703851,Projected medium - Physical,Fox,dfox
991012485619703851,Book - Physical,Fox,dfox
991014960819703851,Book - Physical,Pallin,dpall
991017221396303851,Journal - Electronic,Duke,dduke
991017326029403851,Book - Physical,Spertus,dsper
991017351242103851,Book - Physical,Gordon Gift,dgord
991017378949703851,Book - Physical,Gordon Gift,dgord
991017383248003851,Book - Physical,Brian C. O'Connell,docon
991017388544603851,Book - Physical,Marcopoulos,dmarc
991017391832503851,Book - Physical,"Alexander, Laura",dalel
991017391838103851,Book - Physical,Marcopoulos,dmarc
991017391943703851,Book - Physical,Marcopoulos,dmarc
991017417035703851,Book - Physical,Duke,dduke
991017417035803851,Book - Physical,Duke,dduke
991017417035903851,Book - Physical,"Alexander, Laura",dalel
991017417036003851,Book - Physical,"Alexander, Laura",dalel
991017417036103851,Book - Physical,Duke,dduke
991017417036503851,Book - Physical,Duke,dduke
991017417036603851,Book - Physical,"Alexander, Laura",dalel
991017417036703851,Book - Physical,"Alexander, Laura",dalel
991017417036803851,Book - Physical,Duke,dduke
991017417036903851,Book - Physical,"Alexander, Laura",dalel
991017417037003851,Book - Physical,"Alexander, Laura",dalel
991017417037103851,Book - Physical,"Alexander, Laura",dalel
991017417037303851,Book - Physical,"Alexander, Laura",dalel
991017417037403851,Book - Physical,"Alexander, Laura",dalel
991017417037503851,Book - Physical,"Alexander, Laura",dalel
991017417037603851,Book - Physical,"Alexander, Laura",dalel
991017417037903851,Book - Physical,Duke,dduke
991017417038003851,Book - Physical,"Alexander, Laura",dalel
991017417038303851,Book - Physical,Duke,dduke
991017417038503851,Book - Physical,"Alexander, Laura",dalel
991017417038703851,Book - Physical,"Alexander, Laura",dalel
991017417039003851,Book - Physical,Duke,dduke
991017417039203851,Book - Physical,"Alexander, Laura",dalel
991017417039403851,Book - Physical,"Alexander, Laura",dalel
991017417039503851,Book - Physical,Duke,dduke
991017417039903851,Book - Physical,"Alexander, Laura",dalel
991017417041303851,Book - Physical,Duke,dduke
991017417047603851,Book - Physical,Spertus,dsper
991017417047703851,Book - Physical,Macgregor Family,dchri
991017417048003851,Book - Physical,Spertus,dsper
991017417049103851,Book - Physical,Spertus,dsper
991017417049603851,Book - Physical,Spertus,dsper
991017417133403851,Book - Physical,Duke,dduke
991017417133703851,Book - Physical,"Alexander, Laura",dalel
991017417133903851,Book - Physical,Duke,dduke
991017417134103851,Book - Physical,Duke,dduke
991017417134203851,Book - Physical,Duke,dduke
991017417134303851,Book - Physical,Duke,dduke
991017417134503851,Book - Physical,Duke,dduke
991017417134603851,Book - Physical,Duke,dduke
991017417134703851,Book - Physical,Duke,dduke
991017417134803851,Book - Physical,Duke,dduke
991017417134903851,Book - Physical,"Alexander, Laura",dalel
991017417135003851,Book - Physical,"Alexander, Laura",dalel
991017417135303851,Book - Physical,Duke,dduke
991017417135503851,Book - Physical,Duke,dduke
991017417135703851,Book - Physical,Duke,dduke
991017417135803851,Book - Physical,Duke,dduke
991017417135903851,Book - Physical,Duke,dduke
991017417136003851,Book - Physical,"Alexander, Laura",dalel
991017417136103851,Book - Physical,"Alexander, Laura",dalel
991017417136203851,Book - Physical,"Alexander, Laura",dalel
991017417136403851,Book - Physical,"Alexander, Laura",dalel
991017417136503851,Book - Physical,"Alexander, Laura",dalel
991017417136703851,Book - Physical,Duke,dduke
991017417136803851,Book - Physical,"Alexander, Laura",dalel
991017417136903851,Book - Physical,Duke,dduke
991017417148203851,Book - Physical,Spertus,dsper
991017417148303851,Book - Physical,Spertus,dsper
991017417148603851,Book - Physical,Spertus,dsper
991017417148903851,Book - Physical,Spertus,dsper
991017417149003851,Book - Physical,Spertus,dsper
991017417149203851,Book - Physical,Spertus,dsper
991017417149703851,Book - Physical,Spertus,dsper
991017420139603851,Book - Physical,Giffuni,dgiff
991017420249303851,Book - Physical,Spertus,dsper
991017420249303851,Book - Physical,Willis,dwill
991017434897203851,Book - Physical,Barry,dbarr
991017434897603851,Book - Physical,Barry,dbarr
991017434898003851,Book - Physical,Barry,dbarr
991017434898203851,Book - Physical,Duke,dduke
991017435949103851,Book - Physical,Jonathan Tisch,dtisc
991017436039403851,Book - Physical,Gordon Gift,dgord
991017436039603851,Book - Physical,Gordon Gift,dgord
991017436039803851,Book - Physical,Gordon Gift,dgord
991017436040503851,Book - Physical,Gordon Gift,dgord
991017436040803851,Book - Physical,Gordon Gift,dgord
991017436041203851,Book - Physical,Gordon Gift,dgord
991017436042603851,Book - Physical,"Alexander, Laura",dalel
991017436043003851,Book - Physical,"Alexander, Laura",dalel
991017436043103851,Book - Physical,"Alexander, Laura",dalel
991017436044703851,Book - Physical,Alexander,dalex
991017436049803851,Book - Physical,Jonathan Tisch,dtisc
991017437577503851,Book - Physical,Barry,dbarr
991017437578603851,Book - Physical,Pallin,dpall
991017437578803851,Book - Physical,Newhouse,dnewh
991017437579203851,Book - Physical,Shapiro,dshap
991017437579503851,Book - Physical,Shapiro,dshap
991017437579603851,Book - Physical,Newhouse,dnewh
991017437579903851,Book - Physical,Newhouse,dnewh
991017437580103851,Book - Physical,Shapiro,dshap
991017437580503851,Book - Physical,Newhouse,dnewh
991017437580703851,Book - Physical,Newhouse,dnewh
991017437580903851,Book - Physical,Barry,dbarr
991017437581503851,Book - Physical,Barry,dbarr
991017437581803851,Book - Physical,Duke,dduke
991017437582303851,Book - Physical,Barry,dbarr
991017437582603851,Book - Physical,Barry,dbarr
991017437582803851,Book - Physical,Barry,dbarr
991017441635203851,Book - Physical,Newhouse,dnewh
991017441636103851,Book - Physical,Newhouse,dnewh
991017441636303851,Book - Physical,Barry,dbarr
991017441636503851,Book - Physical,Barry,dbarr
991017441636703851,Book - Physical,Newhouse,dnewh
991017446302403851,Book - Physical,Newhouse,dnewh
991017446302603851,Book - Physical,Barry,dbarr
991017446302803851,Book - Physical,Newhouse,dnewh
991017446303003851,Book - Physical,Barry,dbarr
991017446303103851,Book - Physical,Barry,dbarr
991017446303303851,Book - Physical,Newhouse,dnewh
991017446303603851,Book - Physical,Barry,dbarr
991017446303703851,Book - Physical,Barry,dbarr
991017446304003851,Book - Physical,Newhouse,dnewh
991017446304203851,Book - Physical,Barry,dbarr
991017446949503851,Book - Physical,Jonathan Tisch,dtisc
991017449484503851,Book - Physical,Barry,dbarr
991017449484903851,Book - Physical,Barry,dbarr
991017449485203851,Book - Physical,Barry,dbarr
991017449485303851,Book - Physical,Barry,dbarr
991017449485603851,Book - Physical,Newhouse,dnewh
991017449485703851,Book - Physical,Barry,dbarr
991017449485903851,Book - Physical,Newhouse,dnewh
991017449486103851,Book - Physical,Barry,dbarr
991017449486403851,Book - Physical,Barry,dbarr
991017450948703851,Book - Physical,Jonathan Tisch,dtisc
991017463100403851,Book - Physical,Barry,dbarr
991017463100503851,Book - Physical,Barry,dbarr
991017463100603851,Book - Physical,Barry,dbarr
991017463100903851,Book - Physical,Barry,dbarr
991017463101103851,Book - Physical,Barry,dbarr
991017463101403851,Book - Physical,Barry,dbarr
991017463101503851,Book - Physical,Barry,dbarr
991017463101803851,Book - Physical,Barry,dbarr
991017463101903851,Book - Physical,Barry,dbarr
991017463102403851,Book - Physical,Barry,dbarr
991017463102503851,Book - Physical,Barry,dbarr
991017463447203851,Book - Physical,Giffuni,dgiff
991017463447303851,Book - Physical,Giffuni,dgiff
991017466047503851,Book - Physical,Giffuni,dgiff
991017466047603851,Book - Physical,Giffuni,dgiff
991017466589003851,Book - Physical,Barry,dbarr
991017466589203851,Book - Physical,Barry,dbarr
991017466589303851,Book - Physical,Barry,dbarr
991017466589403851,Book - Physical,Barry,dbarr
991017466589503851,Book - Physical,Barry,dbarr
991017466589603851,Book - Physical,Barry,dbarr
991017466589703851,Book - Physical,Shapiro,dshap
991017466589803851,Book - Physical,Newhouse,dnewh
991017466589903851,Book - Physical,Shapiro,dshap
991017466590003851,Book - Physical,Shapiro,dshap
991017466590103851,Book - Physical,Shapiro,dshap
991017466590203851,Book - Physical,Shapiro,dshap
991017466590303851,Book - Physical,Shapiro,dshap
991017469145803851,Book - Physical,Barry,dbarr
991017469146103851,Book - Physical,Barry,dbarr
991017469146203851,Book - Physical,Barry,dbarr
991017469146303851,Book - Physical,Newhouse,dnewh
991017469146703851,Book - Physical,Newhouse,dnewh
991017469146803851,Book - Physical,Barry,dbarr
991017469146903851,Book - Physical,Barry,dbarr
991017469147203851,Book - Physical,Barry,dbarr
991017469147603851,Book - Physical,Barry,dbarr
991017469147903851,Book - Physical,Newhouse,dnewh
991017469148003851,Book - Physical,Barry,dbarr
991017469148503851,Book - Physical,Newhouse,dnewh
991017469148603851,Book - Physical,Barry,dbarr
991017469149303851,Book - Physical,Newhouse,dnewh
991017469149603851,Book - Physical,Barry,dbarr
991017471346503851,Book - Physical,Crossman,dcros
991017471346603851,Book - Physical,Newhouse,dnewh
991017471346703851,Book - Physical,Crossman,dcros
991017471346903851,Book - Physical,Crossman,dcros
991017471347103851,Book - Physical,Newhouse,dnewh
991017471347303851,Book - Physical,Crossman,dcros
991017471347503851,Book - Physical,Newhouse,dnewh
991017471347703851,Book - Physical,Barry,dbarr
991017471348003851,Book - Physical,Barry,dbarr
991017471355403851,Book - Physical,Crossman,dcros
991017471356303851,Book - Physical,Crossman,dcros
991017471356503851,Book - Physical,Crossman,dcros
991017471356803851,Book - Physical,Crossman,dcros
991017471357203851,Book - Physical,Crossman,dcros
991017472141403851,Book - Physical,Giffuni,dgiff
991017472141503851,Book - Physical,Giffuni,dgiff
991017472141903851,Book - Physical,Giffuni,dgiff
991017472142203851,Book - Physical,Giffuni,dgiff
991017472142603851,Book - Physical,Giffuni,dgiff
991017472145603851,Book - Physical,Giffuni,dgiff
991017472243003851,Book - Physical,Giffuni,dgiff
991017472243103851,Book - Physical,Giffuni,dgiff
991017472245203851,Book - Physical,Giffuni,dgiff
991017472245403851,Book - Physical,Giffuni,dgiff
991017472247703851,Book - Physical,Giffuni,dgiff
991017473200703851,Book - Physical,Fitch,dfitc
991017473200803851,Book - Physical,Fitch,dfitc
991017473200903851,Book - Physical,Fitch,dfitc
991017473201003851,Book - Physical,Fitch,dfitc
991017473201103851,Book - Physical,Fitch,dfitc
991017473201203851,Book - Physical,Newhouse,dnewh
991017473201303851,Book - Physical,Fitch,dfitc
991017473201603851,Book - Physical,Fitch,dfitc
991017473201903851,Book - Physical,Fitch,dfitc
991017473202103851,Book - Physical,Fitch,dfitc
991017473202203851,Book - Physical,Fitch,dfitc
991017474787503851,Book - Physical,Fitch,dfitc
991017474787603851,Book - Physical,Fitch,dfitc
991017474787703851,Book - Physical,Newhouse,dnewh
991017474787803851,Book - Physical,Crossman,dcros
991017474787903851,Book - Physical,Crossman,dcros
991017474788003851,Book - Physical,Newhouse,dnewh
991017474788103851,Book - Physical,Fitch,dfitc
991017474788203851,Book - Physical,Fitch,dfitc
991017488025103851,Book - Physical,Newhouse,dnewh
991017488025503851,Book - Physical,Fox,dfox
991017488025903851,Book - Physical,Newhouse,dnewh
991017488026203851,Book - Physical,Fox,dfox
991017488026303851,Book - Physical,Fox,dfox
991017488026703851,Book - Physical,Fox,dfox
991017488026803851,Book - Physical,Fox,dfox
991017489385803851,Book - Physical,Pallin,dpall
991017489386103851,Book - Physical,Pallin,dpall
991017489386603851,Book - Physical,Pallin,dpall
991017489386903851,Book - Physical,Newhouse,dnewh
991017489387303851,Book - Physical,Pallin,dpall
991017490147603851,Book - Physical,Giffuni,dgiff
991017490147903851,Book - Physical,Giffuni,dgiff
991017490248503851,Book - Physical,Hally,dhaly
991017490248603851,Book - Physical,Hally,dhaly
991017490248803851,Book - Physical,Giffuni,dgiff
991017490248903851,Book - Physical,Hally,dhaly
991017490249303851,Book - Physical,Giffuni,dgiff
991017491647403851,Book - Physical,Gordon Gift,dgord
991017491849203851,Book - Physical,Giffuni,dgiff
991017491849303851,Book - Physical,Giffuni,dgiff
991017491849403851,Book - Physical,Giffuni,dgiff
991017491849503851,Book - Physical,Giffuni,dgiff
991017491849603851,Book - Physical,Giffuni,dgiff
991017491849703851,Book - Physical,Giffuni,dgiff
991017492389403851,Book - Physical,Fitch,dfitc
991017492389803851,Book - Physical,Fitch,dfitc
991017492390003851,Book - Physical,Newhouse,dnewh
991017492390203851,Book - Physical,Fitch,dfitc
991017492390803851,Book - Physical,Fitch,dfitc
991017492391103851,Book - Physical,Fitch,dfitc
991017492391803851,Book - Physical,Newhouse,dnewh
991017492392303851,Book - Physical,Newhouse,dnewh
991017492392603851,Book - Physical,Fitch,dfitc
991017492392903851,Book - Physical,Fitch,dfitc
991017492393003851,Book - Physical,Newhouse,dnewh
991017492393503851,Book - Physical,Fitch,dfitc
991017492393803851,Book - Physical,Newhouse,dnewh
991017492394003851,Book - Physical,Newhouse,dnewh
991017492394203851,Book - Physical,Fitch,dfitc
991017492394503851,Book - Physical,Fitch,dfitc
991017494615903851,Book - Physical,Newhouse,dnewh
991017494616103851,Book - Physical,Pallin,dpall
991017494616603851,Book - Physical,Pallin,dpall
991017494616803851,Book - Physical,Pallin,dpall
991017494617203851,Book - Physical,Newhouse,dnewh
991017494617403851,Book - Physical,Newhouse,dnewh
991017494617803851,Book - Physical,Duke,dduke
991017494618203851,Book - Physical,Pallin,dpall
991017497631503851,Book - Physical,Duke,dduke
991017497642303851,Book - Physical,Giffuni,dgiff
991017497642403851,Book - Physical,Giffuni,dgiff
991017497642503851,Book - Physical,Giffuni,dgiff
991017497642603851,Book - Physical,Giffuni,dgiff
991017499301303851,Manuscripts - Physical,Pallin,dpall
991017499301803851,Book - Physical,Pallin,dpall
991017499302103851,Book - Physical,Pallin,dpall
991017499302303851,Book - Physical,Newhouse,dnewh
991017499302403851,Book - Physical,Newhouse,dnewh
991017499302503851,Book - Physical,Pallin,dpall
991017499302703851,Book - Physical,Pallin,dpall
991017499302903851,Book - Physical,Pallin,dpall
991017499537403851,Book - Physical,Gordon Gift,dgord
991017499943903851,Book - Physical,Pallin,dpall
991017499944103851,Book - Physical,Pallin,dpall
991017499944403851,Book - Physical,Pallin,dpall
991017499944603851,Book - Physical,Pallin,dpall
991017499944803851,Book - Physical,Pallin,dpall
991017499945003851,Book - Physical,Newhouse,dnewh
991017499945603851,Book - Physical,Newhouse,dnewh
991017499945903851,Book - Physical,Pallin,dpall
991017508618403851,Book - Physical,Measer,dmeas
991017508618503851,Book - Physical,Measer,dmeas
991017508618603851,Book - Physical,Measer,dmeas
991017508618703851,Book - Physical,Duke,dduke
991017508618803851,Book - Physical,Measer,dmeas
991017508618903851,Book - Physical,Newhouse,dnewh
991017508619003851,Book - Physical,Newhouse,dnewh
991017508619103851,Book - Physical,Duke,dduke
991017508619203851,Book - Physical,Measer,dmeas
991017508619303851,Book - Physical,Measer,dmeas
991017508619403851,Book - Physical,Measer,dmeas
991017508619503851,Book - Physical,Measer,dmeas
991017508619603851,Book - Physical,Measer,dmeas
991017509046903851,Book - Physical,Marcopoulos,dmarc
991017509049303851,Book - Physical,Brian C. O'Connell,docon
991017520548703851,Book - Physical,Pallin,dpall
991017520548803851,Book - Physical,Pallin,dpall
991017520548903851,Book - Physical,Pallin,dpall
991017520549003851,Book - Physical,Pallin,dpall
991017520549103851,Book - Physical,Newhouse,dnewh
991017520549203851,Book - Physical,Pallin,dpall
991017521192103851,Book - Physical,Newhouse,dnewh
991017521192203851,Book - Physical,Pallin,dpall
991017521192303851,Book - Physical,Pallin,dpall
991017521192403851,Book - Physical,Pallin,dpall
991017521192503851,Book - Physical,Pallin,dpall
991017521192603851,Book - Physical,Pallin,dpall
991017521192703851,Book - Physical,Newhouse,dnewh
991017521192803851,Book - Physical,Pallin,dpall
991017521192903851,Book - Physical,Pallin,dpall
991017521193003851,Book - Physical,Pallin,dpall
991017521193103851,Book - Physical,Newhouse,dnewh
991017521729003851,Book - Physical,Newhouse,dnewh
991017521729103851,Book - Physical,Newhouse,dnewh
991017521729303851,Book - Physical,Fitch,dfitc
991017521729503851,Book - Physical,Fitch,dfitc
991017521729703851,Book - Physical,Fitch,dfitc
991017521730503851,Book - Physical,Fitch,dfitc
991017522044703851,Book - Electronic,Marcopoulos,dmarc
991017523249503851,Book - Physical,Hally,dhaly
991017523249603851,Book - Physical,Hally,dhaly
991017524816103851,Book - Physical,Ross - Eliot-Pear,drose
991017524816403851,Book - Physical,Ross - Eliot-Pear,drose
991017524816503851,Book - Physical,Ross - Eliot-Pear,drose
991017524943403851,Book - Physical,Marcopoulos,dmarc
991017524948803851,Book - Physical,Marcopoulos,dmarc
991017524949503851,Book - Physical,Marcopoulos,dmarc
991017524949603851,Book - Physical,Marcopoulos,dmarc
991017525046703851,Book - Physical,Marcopoulos,dmarc
991017525047903851,Book - Physical,Marcopoulos,dmarc
991017525049703851,Book - Physical,"Alexander, Laura",dalel
991017525049703851,Book - Physical,Marcopoulos,dmarc
991017531549703851,Book - Physical,Jonathan Tisch,dtisc
991017541107503851,Book - Physical,Ross - Eliot-Pear,drose
991017541107703851,Book - Physical,Ross - Eliot-Pear,drose
991017541107803851,Book - Physical,Ross - Eliot-Pear,drose
991017541108003851,Book - Physical,Duke,dduke
991017541108103851,Book - Physical,Ross - Eliot-Pear,drose
991017541108303851,Book - Physical,Ross - Eliot-Pear,drose
991017541108403851,Book - Physical,Ross - Eliot-Pear,drose
991017541108503851,Book - Physical,Ross - Eliot-Pear,drose
991017541108603851,Book - Physical,Ross - Eliot-Pear,drose
991017542345703851,Book - Physical,Marcopoulos,dmarc
991017542345803851,Book - Physical,Marcopoulos,dmarc
991017542346303851,Book - Physical,Marcopoulos,dmarc
991017542346403851,Book - Physical,Marcopoulos,dmarc
991017542346503851,Book - Physical,Marcopoulos,dmarc
991017542448503851,Book - Physical,Marcopoulos,dmarc
991017542448603851,Book - Physical,Anna Cohen,dcohe
991017542448703851,Book - Physical,Marcopoulos,dmarc
991017542448803851,Book - Physical,Marcopoulos,dmarc
991017542449503851,Book - Physical,Marcopoulos,dmarc
991017542449603851,Book - Physical,Marcopoulos,dmarc
991017542449703851,Book - Physical,Marcopoulos,dmarc
991017549848203851,Book - Physical,Marcopoulos,dmarc
991017549848303851,Book - Physical,Marcopoulos,dmarc
991017549949003851,Book - Electronic,Marcopoulos,dmarc
991017549949203851,Book - Electronic,Marcopoulos,dmarc
991017549949303851,Book - Electronic,Marcopoulos,dmarc
991017550745203851,Book - Physical,Pritzker,dprit
991017550745303851,Book - Physical,Pritzker,dprit
991017550745503851,Book - Physical,Duke,dduke
991017550745803851,Book - Physical,Pritzker,dprit
991017550745903851,Book - Physical,Pritzker,dprit
991017550746103851,Book - Physical,Pritzker,dprit
991017551244003851,Book - Physical,Giffuni,dgiff
991017551244103851,Book - Physical,Giffuni,dgiff
991017551244203851,Book - Physical,Giffuni,dgiff
991017551244303851,Book - Physical,Giffuni,dgiff
991017551244403851,Book - Physical,Giffuni,dgiff
991017551347903851,Book - Physical,Hally,dhaly
991017554541603851,Book - Physical,Duke,dduke
991017554541703851,Book - Physical,Duke,dduke
991017554541803851,Book - Physical,Pritzker,dprit
991017554542003851,Book - Physical,Pritzker,dprit
991017554542203851,Book - Physical,Pritzker,dprit
991017554542303851,Book - Physical,Pritzker,dprit
991017554542403851,Book - Physical,Pritzker,dprit
991017554542503851,Book - Physical,Gonzales,dgonz
991017554542603851,Book - Physical,Pritzker,dprit
991017554542703851,Book - Physical,Pritzker,dprit
991017554542803851,Book - Physical,Pritzker,dprit
991017555638503851,Book - Physical,Marcopoulos,dmarc
991017555638603851,Book - Physical,Marcopoulos,dmarc
991017555638703851,Book - Physical,Macgregor Family,dchri
991017555638803851,Book - Physical,Macgregor Family,dchri
991017555638903851,Book - Physical,Macgregor Family,dchri
991017555639003851,Book - Physical,Macgregor Family,dchri
991017555639103851,Book - Physical,Macgregor Family,dchri
991017555639203851,Book - Physical,Macgregor Family,dchri
991017555639303851,Book - Physical,Macgregor Family,dchri
991017555639503851,Book - Physical,Macgregor Family,dchri
991017555639703851,Book - Physical,Macgregor Family,dchri
991017555639803851,Book - Physical,Macgregor Family,dchri
991017555639903851,Book - Physical,Macgregor Family,dchri
991017555640003851,Book - Physical,Macgregor Family,dchri
991017555640103851,Book - Physical,Macgregor Family,dchri
991017555640203851,Book - Physical,Macgregor Family,dchri
991017555640303851,Book - Physical,Macgregor Family,dchri
991017555640403851,Book - Physical,Macgregor Family,dchri
991017555640503851,Book - Physical,Macgregor Family,dchri
991017555640603851,Book - Physical,Macgregor Family,dchri
991017555640703851,Book - Physical,Marcopoulos,dmarc
991017555640803851,Book - Physical,Marcopoulos,dmarc
991017555644203851,Book - Physical,Giffuni,dgiff
991017555644503851,Book - Physical,Giffuni,dgiff
991017555645303851,Book - Physical,Giffuni,dgiff
991017555646503851,Book - Physical,Giffuni,dgiff
991017555648203851,Book - Physical,Giffuni,dgiff
991017555649103851,Book - Physical,Giffuni,dgiff
991017555649403851,Book - Physical,Giffuni,dgiff
991017555745703851,Book - Physical,Marcopoulos,dmarc
991017555745803851,Book - Physical,Macgregor Family,dchri
991017555745903851,Book - Physical,Macgregor Family,dchri
991017555746003851,Book - Physical,Macgregor Family,dchri
991017555746203851,Book - Physical,Macgregor Family,dchri
991017555746403851,Book - Physical,Macgregor Family,dchri
991017555746503851,Book - Physical,Macgregor Family,dchri
991017555746603851,Book - Physical,Macgregor Family,dchri
991017555746703851,Book - Physical,Macgregor Family,dchri
991017555746903851,Book - Physical,Marcopoulos,dmarc
991017555747003851,Book - Physical,Marcopoulos,dmarc
991017555748403851,Book - Physical,Giffuni,dgiff
991017555749203851,Book - Physical,Giffuni,dgiff
991017555749603851,Book - Physical,Gordon Gift,dgord
991017556949703851,Book - Physical,Ross - Eliot-Pear,drose
991017557549303851,Book - Electronic,Macgregor Family,dchri
991017557549603851,Book - Electronic,Marcopoulos,dmarc
991017558415903851,Book - Physical,Gonzales,dgonz
991017558416103851,Book - Physical,Gonzales,dgonz
991017558416203851,Book - Physical,Measer,dmeas
991017558416303851,Book - Physical,Measer,dmeas
991017558416403851,Book - Physical,Measer,dmeas
991017558416503851,Book - Physical,Measer,dmeas
991017558416603851,Book - Physical,Measer,dmeas
991017560540503851,Book - Physical,Loeb & Sperling,dloeb
991017560540603851,Book - Physical,Loeb & Sperling,dloeb
991017560540703851,Book - Physical,Loeb & Sperling,dloeb
991017560540803851,Book - Physical,Loeb & Sperling,dloeb
991017560540903851,Book - Physical,Loeb & Sperling,dloeb
991017560541003851,Book - Physical,Loeb & Sperling,dloeb
991017560541103851,Book - Physical,Loeb & Sperling,dloeb
991017560541203851,Book - Physical,Loeb & Sperling,dloeb
991017560541303851,Book - Physical,Loeb & Sperling,dloeb
991017560541403851,Book - Physical,Loeb & Sperling,dloeb
991017560541503851,Book - Physical,Loeb & Sperling,dloeb
991017560541703851,Book - Physical,Loeb & Sperling,dloeb
991017560541803851,Book - Physical,Loeb & Sperling,dloeb
991017560542003851,Book - Physical,Giffuni,dgiff
991017560542103851,Book - Physical,Giffuni,dgiff
991017561745003851,Book - Physical,Loeb & Sperling,dloeb
991017561745603851,Book - Physical,Loeb & Sperling,dloeb
991017561746003851,Book - Physical,Loeb & Sperling,dloeb
991017562653703851,Book - Physical,Gonzales,dgonz
991017564474103851,Book - Physical,Duke,dduke
991017564474503851,Book - Physical,Newhouse,dnewh
991017564474803851,Book - Physical,Pallin,dpall
991017564475203851,Book - Physical,Newhouse,dnewh
991017564475403851,Book - Physical,Pallin,dpall
991017564475603851,Book - Physical,Pallin,dpall
991017564475903851,Book - Physical,Pallin,dpall
991017564476203851,Book - Physical,Pallin,dpall
991017564849003851,Book - Physical,Loeb & Sperling,dloeb
991017564947203851,Book - Physical,Loeb & Sperling,dloeb
991017564947303851,Book - Physical,Loeb & Sperling,dloeb
991017564947403851,Book - Physical,Loeb & Sperling,dloeb
991017565148003851,Book - Physical,Loeb & Sperling,dloeb
991017565148103851,Book - Physical,Loeb & Sperling,dloeb
991017565148203851,Book - Physical,Loeb & Sperling,dloeb
991017565148303851,Book - Physical,Loeb & Sperling,dloeb
991017565148403851,Book - Physical,Loeb & Sperling,dloeb
991017565148503851,Book - Physical,Loeb & Sperling,dloeb
991017565148603851,Book - Physical,Loeb & Sperling,dloeb
991017565148703851,Book - Physical,Loeb & Sperling,dloeb
991017565148803851,Book - Physical,Loeb & Sperling,dloeb
991017565148903851,Book - Physical,Loeb & Sperling,dloeb
991017565149103851,Book - Physical,Loeb & Sperling,dloeb
991017565149203851,Journal - Physical,Loeb & Sperling,dloeb
991017567549103851,Book - Physical,Giffuni,dgiff
991017567549203851,Book - Physical,Giffuni,dgiff
991017567549303851,Book - Physical,Giffuni,dgiff
991017567849703851,Book - Physical,Giffuni,dgiff
991017569645103851,Book - Physical,Marcopoulos,dmarc
991017569648403851,Book - Physical,Marcopoulos,dmarc
991017569648803851,Book - Physical,Marcopoulos,dmarc
991017569648903851,Book - Physical,Marcopoulos,dmarc
991017569649003851,Book - Physical,Marcopoulos,dmarc
991017569649103851,Book - Physical,Marcopoulos,dmarc
991017569649603851,Book - Physical,Marcopoulos,dmarc
991017569649703851,Book - Physical,Marcopoulos,dmarc
991017569649803851,Book - Physical,Marcopoulos,dmarc
991017569749403851,Book - Physical,Marcopoulos,dmarc
991017570450403851,Book - Physical,Measer,dmeas
991017570450703851,Book - Physical,Measer,dmeas
991017570451003851,Book - Physical,Measer,dmeas
991017570451403851,Book - Physical,Newhouse,dnewh
991017570452203851,Book - Physical,Newhouse,dnewh
991017570452603851,Book - Physical,Measer,dmeas
991017570452903851,Book - Physical,Measer,dmeas
991017570453503851,Book - Physical,Duke,dduke
991017570454003851,Book - Physical,Measer,dmeas
991017570454503851,Book - Physical,Newhouse,dnewh
991017570454903851,Book - Physical,Measer,dmeas
991017570455203851,Book - Physical,Measer,dmeas
991017570455403851,Book - Physical,Newhouse,dnewh
991017572739603851,Book - Electronic,Marcopoulos,dmarc
991017572940803851,Book - Electronic,Marcopoulos,dmarc
991017573040203851,Book - Electronic,Marcopoulos,dmarc
991017573040303851,Book - Electronic,Marcopoulos,dmarc
991017573040403851,Book - Electronic,Marcopoulos,dmarc
991017573040503851,Book - Electronic,Marcopoulos,dmarc
991017573040603851,Book - Electronic,Marcopoulos,dmarc
991017573040703851,Book - Electronic,Marcopoulos,dmarc
991017573040803851,Book - Electronic,Marcopoulos,dmarc
991017573245603851,Book - Physical,Pallin,dpall
991017573245903851,Book - Physical,Newhouse,dnewh
991017573246203851,Book - Physical,Pritzker,dprit
991017573246503851,Book - Physical,Pritzker,dprit
991017573246803851,Book - Physical,Newhouse,dnewh
991017573247303851,Book - Physical,Pritzker,dprit
991017573440303851,Book - Physical,Marcopoulos,dmarc
991017573440403851,Book - Physical,Marcopoulos,dmarc
991017573440503851,Book - Physical,Marcopoulos,dmarc
991017573440603851,Book - Physical,Marcopoulos,dmarc
991017573440903851,Book - Physical,Marcopoulos,dmarc
991017573441003851,Book - Physical,Marcopoulos,dmarc
991017573441203851,Book - Physical,Marcopoulos,dmarc
991017573441303851,Book - Physical,Marcopoulos,dmarc
991017573441503851,Book - Physical,Marcopoulos,dmarc
991017573441603851,Book - Physical,Marcopoulos,dmarc
991017573441803851,Book - Physical,Marcopoulos,dmarc
991017573441903851,Book - Physical,Marcopoulos,dmarc
991017573442003851,Book - Physical,Marcopoulos,dmarc
991017573442103851,Book - Physical,Marcopoulos,dmarc
991017573442203851,Book - Physical,Marcopoulos,dmarc
991017573447803851,Book - Physical,Macgregor Family,dchri
991017573447903851,Book - Physical,Macgregor Family,dchri
991017573448203851,Book - Physical,Macgregor Family,dchri
991017573449103851,Book - Physical,Macgregor Family,dchri
991017573449203851,Book - Physical,Macgregor Family,dchri
991017573449303851,Book - Physical,Macgregor Family,dchri
991017573449503851,Book - Physical,Macgregor Family,dchri
991017573543003851,Book - Physical,Marcopoulos,dmarc
991017573543103851,Book - Physical,Marcopoulos,dmarc
991017573546303851,Book - Physical,Macgregor Family,dchri
991017573547103851,Book - Physical,Macgregor Family,dchri
991017573548003851,Book - Physical,Macgregor Family,dchri
991017573548903851,Book - Physical,Macgregor Family,dchri
991017573549103851,Book - Physical,Macgregor Family,dchri
991017573549303851,Book - Physical,Macgregor Family,dchri
991017573549803851,Book - Physical,Macgregor Family,dchri
991017587746803851,Book - Electronic,Marcopoulos,dmarc
991017587807603851,Book - Physical,Ross - Eliot-Pear,drose
991017587808103851,Book - Physical,Duke,dduke
991017587808303851,Book - Physical,Ross - Eliot-Pear,drose
991017587808403851,Book - Physical,Newhouse,dnewh
991017587808703851,Book - Physical,Ross - Eliot-Pear,drose
991017587809003851,Book - Physical,Ross - Eliot-Pear,drose
991017587809303851,Book - Physical,Ross - Eliot-Pear,drose
991017587809603851,Book - Physical,Ross - Eliot-Pear,drose
991017587809903851,Book - Physical,Barry,dbarr
991017590113103851,Book - Physical,Newhouse,dnewh
991017590113803851,Book - Physical,Newhouse,dnewh
991017593249103851,Book - Physical,Aronson,daron
991017594661303851,Book - Physical,Haroian,dharo
991017594661403851,Book - Physical,Haroian,dharo
991017594661603851,Book - Physical,Haroian,dharo
991017594661703851,Book - Physical,Haroian,dharo
991017595349203851,Book - Physical,Fox,dfox
991017611245303851,Book - Electronic,Willis,dwill
991017611245403851,Book - Electronic,Willis,dwill
991017611346403851,Book - Electronic,Willis,dwill
991017611346503851,Book - Electronic,Willis,dwill
991017611346603851,Book - Electronic,Willis,dwill
991017611346703851,Book - Electronic,Willis,dwill
991017611347003851,Book - Electronic,Willis,dwill
991017611445303851,Book - Electronic,Willis,dwill
991017611761003851,Book - Physical,Pallin,dpall
991017611761403851,Book - Physical,Pallin,dpall
991017611761603851,Book - Physical,Pallin,dpall
991017611761803851,Book - Physical,Fitch,dfitc
991017611762303851,Book - Physical,Pallin,dpall
991017611762703851,Book - Physical,Fitch,dfitc
991017611763703851,Book - Physical,Pallin,dpall
991017611764003851,Book - Physical,Pallin,dpall
991017611764403851,Book - Physical,Pallin,dpall
991017611764603851,Book - Physical,Duke,dduke
991017611765003851,Book - Physical,Pallin,dpall
991017611765703851,Book - Physical,Pallin,dpall
991017611765803851,Book - Physical,Pallin,dpall
991017611766003851,Book - Physical,Pallin,dpall
991017612049503851,Book - Electronic,Willis,dwill
991017612049603851,Book - Electronic,Willis,dwill
991017612049703851,Book - Electronic,Willis,dwill
991017612149703851,Book - Electronic,Willis,dwill
991017612149803851,Book - Electronic,Willis,dwill
991017612545803851,Book - Physical,Willis,dwill
991017612545903851,Book - Physical,Willis,dwill
991017612546003851,Book - Physical,Willis,dwill
991017612546103851,Book - Physical,Willis,dwill
991017612546303851,Book - Physical,Willis,dwill
991017612546603851,Book - Physical,Willis,dwill
991017612546903851,Book - Physical,Willis,dwill
991017612547503851,Book - Physical,Brian C. O'Connell,docon
991017612547603851,Book - Physical,Willis,dwill
991017612547903851,Book - Physical,Willis,dwill
991017612548203851,Book - Physical,Willis,dwill
991017612548503851,Book - Physical,Brian C. O'Connell,docon
991017612549803851,Book - Physical,Brian C. O'Connell,docon
991017612640103851,Book - Physical,Pallin,dpall
991017612640203851,Book - Physical,Marcopoulos,dmarc
991017612645003851,Book - Physical,Willis,dwill
991017612645103851,Book - Physical,Willis,dwill
991017612645203851,Book - Physical,Willis,dwill
991017612645403851,Book - Physical,Willis,dwill
991017612645503851,Book - Physical,Willis,dwill
991017612645903851,Book - Physical,Willis,dwill
991017612646203851,Book - Physical,Willis,dwill
991017612646403851,Book - Physical,Willis,dwill
991017612646703851,Book - Physical,Willis,dwill
991017612646803851,Book - Physical,Willis,dwill
991017612648103851,Book - Physical,Brian C. O'Connell,docon
991017613849503851,Book - Physical,Marcopoulos,dmarc
991017613849603851,Book - Physical,Marcopoulos,dmarc
991017614229203851,Book - Physical,Fox,dfox
991017614229403851,Book - Physical,Fox,dfox
991017614229503851,Book - Physical,Fox,dfox
991017614229803851,Book - Physical,Fox,dfox
991017614229903851,Book - Physical,Fox,dfox
991017614230003851,Book - Physical,Fox,dfox
991017614230103851,Book - Physical,Fox,dfox
991017614230303851,Book - Physical,Fox,dfox
991017614230403851,Book - Physical,Fox,dfox
991017619146103851,Book - Physical,Giffuni,dgiff
991017619146203851,Book - Physical,Giffuni,dgiff
991017619146303851,Book - Physical,Giffuni,dgiff
991017619146403851,Book - Physical,Giffuni,dgiff
991017619442203851,Book - Physical,Aronson,daron
991017619442303851,Book - Physical,Aronson,daron
991017619542103851,Book - Physical,Aronson,daron
991017619542303851,Book - Physical,Aronson,daron
991017619542503851,Book - Physical,Aronson,daron
991017619942503851,Book - Physical,Aronson,daron
991017619945303851,Book - Physical,Willis,dwill
991017620449803851,Book - Physical,Willis,dwill
991017626043703851,Book - Physical,Ross - Eliot-Pear,drose
991017626043803851,Book - Physical,Pallin,dpall
991017626043903851,Book - Physical,Pallin,dpall
991017626044003851,Book - Physical,Ross - Eliot-Pear,drose
991017626044103851,Book - Physical,Pallin,dpall
991017626044303851,Book - Physical,Ross - Eliot-Pear,drose
991017626044403851,Book - Physical,Haroian,dharo
991017626044403851,Book - Physical,Newhouse,dnewh
991017626044503851,Book - Physical,Pallin,dpall
991017626247003851,Book - Electronic,Willis,dwill
991017626548603851,Book - Physical,Hally,dhaly
991017626548703851,Book - Physical,Hally,dhaly
991017626548803851,Book - Physical,Hally,dhaly
991017626548903851,Book - Physical,Hally,dhaly
991017626549003851,Book - Physical,Hally,dhaly
991017626549103851,Book - Physical,Hally,dhaly
991017626549203851,Book - Physical,Hally,dhaly
991017627149503851,Book - Electronic,Willis,dwill
991017627149603851,Book - Electronic,Willis,dwill
991017627149703851,Book - Electronic,Willis,dwill
991017627248903851,Book - Physical,Duke,dduke
991017627249003851,Book - Physical,Duke,dduke
991017627748403851,Book - Electronic,Willis,dwill
991017628245503851,Book - Physical,Giffuni,dgiff
991017628246603851,Book - Physical,Giffuni,dgiff
991017628246903851,Book - Physical,Giffuni,dgiff
991017628248503851,Book - Physical,Giffuni,dgiff
991017628248603851,Book - Physical,Giffuni,dgiff
991017628249203851,Book - Physical,Willis,dwill
991017628249303851,Book - Physical,Willis,dwill
991017628249403851,Book - Physical,Willis,dwill
991017628249503851,Book - Physical,Willis,dwill
991017628249603851,Book - Physical,Willis,dwill
991017628347603851,Book - Physical,Giffuni,dgiff
991017628347903851,Book - Physical,Giffuni,dgiff
991017628348403851,Book - Physical,Giffuni,dgiff
991017628348503851,Book - Physical,Giffuni,dgiff
991017628348603851,Book - Physical,Giffuni,dgiff
991017628348903851,Book - Physical,Willis,dwill
991017628349003851,Book - Physical,Willis,dwill
991017628349103851,Book - Physical,Willis,dwill
991017628349203851,Book - Physical,Willis,dwill
991017628349303851,Book - Physical,Willis,dwill
991017628349403851,Book - Physical,Willis,dwill
991017628349503851,Book - Physical,Willis,dwill
991017628349603851,Book - Physical,Willis,dwill
991017628349803851,Book - Electronic,Willis,dwill
991017629447803851,Book - Physical,Measer,dmeas
991017629447903851,Book - Physical,Fox,dfox
991017629448003851,Book - Physical,Measer,dmeas
991017629448103851,Book - Physical,Gonzales,dgonz
991017629448203851,Book - Physical,Measer,dmeas
991017629448303851,Book - Physical,Ross - Eliot-Pear,drose
991017629448403851,Book - Physical,Gonzales,dgonz
991017629448503851,Book - Physical,Pallin,dpall
991017629448503851,Book - Physical,Ross - Eliot-Pear,drose
991017629448603851,Book - Physical,Ross - Eliot-Pear,drose
991017629448703851,Book - Physical,Ross - Eliot-Pear,drose
991017629448803851,Book - Physical,Duke,dduke
991017629448903851,Book - Physical,Ross - Eliot-Pear,drose
991017629449003851,Book - Physical,Ross - Eliot-Pear,drose
991017629449103851,Book - Physical,Ross - Eliot-Pear,drose
991017629449203851,Book - Physical,Measer,dmeas
991017629846203851,Book - Physical,Giffuni,dgiff
991017629846303851,Book - Physical,Giffuni,dgiff
991017629846403851,Book - Physical,Giffuni,dgiff
991017629931503851,Book - Electronic,Duke,dduke
991017629931603851,Book - Electronic,Duke,dduke
991017629932903851,Book - Electronic,Gonzales,dgonz
991017629933003851,Book - Electronic,Gonzales,dgonz
991017629948803851,Book - Physical,Giffuni,dgiff
991017630045903851,Book - Physical,Giffuni,dgiff
991017630136203851,Book - Electronic,Duke,dduke
991017630136403851,Book - Electronic,Duke,dduke
991017630136503851,Book - Electronic,Duke,dduke
991017630343303851,Book - Physical,Duke,dduke
991017630343403851,Book - Physical,Duke,dduke
991017630343603851,Book - Physical,Duke,dduke
991017630343703851,Book - Physical,Marcopoulos,dmarc
991017630343803851,Book - Physical,Duke,dduke
991017630343903851,Book - Physical,Duke,dduke
991017630344003851,Book - Physical,Marcopoulos,dmarc
991017630344203851,Book - Physical,Marcopoulos,dmarc
991017630345303851,Book - Physical,Marcopoulos,dmarc
991017630345403851,Book - Physical,Marcopoulos,dmarc
991017630346203851,Book - Physical,Marcopoulos,dmarc
991017630346403851,Book - Physical,Marcopoulos,dmarc
991017630347003851,Book - Physical,Marcopoulos,dmarc
991017630434503851,Book - Physical,Marcopoulos,dmarc
991017630434603851,Book - Physical,Marcopoulos,dmarc
991017630434903851,Book - Physical,Marcopoulos,dmarc
991017630435003851,Book - Physical,Duke,dduke
991017630435103851,Book - Physical,Duke,dduke
991017630435203851,Book - Physical,Marcopoulos,dmarc
991017630435303851,Book - Physical,Marcopoulos,dmarc
991017630435403851,Book - Physical,Marcopoulos,dmarc
991017630435803851,Book - Physical,Marcopoulos,dmarc
991017630436903851,Book - Physical,Marcopoulos,dmarc
991017630437203851,Book - Physical,Marcopoulos,dmarc
991017630437303851,Book - Physical,Marcopoulos,dmarc
991017630437603851,Book - Physical,Marcopoulos,dmarc
991017630437903851,Book - Physical,Marcopoulos,dmarc
991017630438803851,Book - Physical,Marcopoulos,dmarc
991017630439503851,Book - Physical,Marcopoulos,dmarc
991017630440403851,Book - Physical,Marcopoulos,dmarc
991017630440603851,Book - Physical,Marcopoulos,dmarc
991017630440803851,Book - Physical,Marcopoulos,dmarc
991017630441103851,Book - Physical,Marcopoulos,dmarc
991017630441503851,Book - Physical,Marcopoulos,dmarc
991017630441603851,Book - Physical,Marcopoulos,dmarc
991017630441803851,Book - Physical,Marcopoulos,dmarc
991017630441903851,Book - Physical,Marcopoulos,dmarc
991017630442003851,Book - Physical,Marcopoulos,dmarc
991017630442303851,Book - Physical,Marcopoulos,dmarc
991017630442803851,Book - Physical,Marcopoulos,dmarc
991017631334403851,Book - Physical,Ross - Eliot-Pear,drose
991017631334603851,Book - Physical,Fox,dfox
991017631335303851,Book - Physical,Gonzales,dgonz
991017631335603851,Book - Physical,Ross - Eliot-Pear,drose
991017631336003851,Book - Physical,Fox,dfox
991017641766803851,Book - Physical,Measer,dmeas
991017641766903851,Book - Physical,Haroian,dharo
991017641767003851,Book - Physical,Gonzales,dgonz
991017641767103851,Book - Physical,Duke,dduke
991017641767203851,Book - Physical,Pritzker,dprit
991017641767303851,Book - Physical,Duke,dduke
991017641767403851,Book - Physical,Measer,dmeas
991017641767503851,Book - Physical,Fox,dfox
991017641767603851,Book - Physical,Fox,dfox
991017641767703851,Book - Physical,Fox,dfox
991017641767803851,Book - Physical,Fox,dfox
991017641767903851,Book - Physical,Fox,dfox
991017641768003851,Book - Physical,Fox,dfox
991017641768103851,Book - Physical,Pritzker,dprit
991017641768103851,Book - Physical,Shapiro,dshap
991017641768203851,Book - Physical,Haroian,dharo
991017643298803851,Book - Physical,Fox,dfox
991017643298803851,Book - Physical,Measer,dmeas
991017643298903851,Book - Physical,Blake,dblak
991017643299003851,Book - Physical,Blake,dblak
991017643299103851,Book - Physical,Blake,dblak
991017643299103851,Book - Physical,Haroian,dharo
991017643299203851,Book - Physical,Blake,dblak
991017643299303851,Book - Physical,Crossman,dcros
991017643299303851,Book - Physical,Pritzker,dprit
991017643299403851,Book - Physical,Blake,dblak
991017643299503851,Book - Physical,Blake,dblak
991017643299603851,Book - Physical,Blake,dblak
991017643299703851,Book - Physical,Blake,dblak
991017643299703851,Book - Physical,Ross - Eliot-Pear,drose
991017643299903851,Book - Physical,Measer,dmeas
991017643749703851,Book - Electronic,Duke,dduke
991017643849703851,Book - Electronic,Duke,dduke
991017643849803851,Book - Electronic,Duke,dduke
991017643949403851,Book - Electronic,Duke,dduke
991017643949503851,Book - Electronic,Duke,dduke
991017643949603851,Book - Electronic,Duke,dduke
991017643949703851,Book - Electronic,Duke,dduke
991017644245503851,Book - Physical,Duke,dduke
991017644247403851,Book - Physical,Duke,dduke
991017644247703851,Book - Physical,Duke,dduke
991017644247903851,Book - Physical,Brian C. O'Connell,docon
991017644248003851,Book - Physical,Ross - Gerontology,drosg
991017644248103851,Book - Physical,Duke,dduke
991017644248403851,Book - Physical,Duke,dduke
991017644248703851,Book - Physical,Duke,dduke
991017644249703851,Book - Physical,Brian C. O'Connell,docon
991017644445803851,Book - Physical,Giffuni,dgiff
991017644445903851,Book - Physical,Giffuni,dgiff
991017644446003851,Book - Physical,Giffuni,dgiff
991017644446103851,Book - Physical,Giffuni,dgiff
991017644448603851,Book - Electronic,Ross - Gerontology,drosg
991017644448703851,Book - Electronic,Duke,dduke
991017644448803851,Book - Electronic,Duke,dduke
991017644448903851,Book - Physical,Duke,dduke
991017644449103851,Book - Electronic,Duke,dduke
991017644649403851,Book - Electronic,Duke,dduke
991017644649503851,Book - Electronic,Duke,dduke
991017644649603851,Book - Electronic,Duke,dduke
991017644649703851,Book - Electronic,Duke,dduke
991017644649803851,Book - Electronic,Duke,dduke
991017645248403851,Book - Physical,Duke,dduke
991017645248503851,Book - Physical,Duke,dduke
991017645248603851,Book - Physical,Duke,dduke
991017645248903851,Book - Physical,Duke,dduke
991017645249003851,Book - Physical,Brian C. O'Connell,docon
991017645249603851,Book - Physical,Brian C. O'Connell,docon
991017645249703851,Book - Physical,Brian C. O'Connell,docon
991017646910203851,Book - Physical,Blake,dblak
991017646910303851,Book - Physical,Blake,dblak
991017646910403851,Book - Physical,Blake,dblak
991017646910503851,Book - Physical,Blake,dblak
991017646910603851,Book - Physical,Blake,dblak
991017646910703851,Book - Physical,Blake,dblak
991017646910803851,Book - Physical,Blake,dblak
991017646911003851,Book - Physical,Blake,dblak
991017646911103851,Book - Physical,Duke,dduke
991017646911203851,Book - Physical,Blake,dblak
991017646911503851,Book - Physical,Duke,dduke
991017646911703851,Book - Physical,Blake,dblak
991017646911803851,Book - Physical,Blake,dblak
991017646912103851,Book - Physical,Blake,dblak
991017653146003851,Book - Physical,Jonathan Tisch,dtisc
991017653146103851,Book - Physical,Jonathan Tisch,dtisc
991017653146403851,Book - Physical,Jonathan Tisch,dtisc
991017653146503851,Book - Physical,Jonathan Tisch,dtisc
991017653146703851,Book - Physical,Jonathan Tisch,dtisc
991017653146803851,Book - Physical,Jonathan Tisch,dtisc
991017653146903851,Book - Physical,Jonathan Tisch,dtisc
991017653147003851,Book - Physical,Jonathan Tisch,dtisc
991017653147103851,Book - Physical,Jonathan Tisch,dtisc
991017653147203851,Book - Physical,Jonathan Tisch,dtisc
991017653147303851,Book - Physical,Jonathan Tisch,dtisc
991017653147703851,Book - Physical,Anna Cohen,dcohe
991017653147803851,Book - Physical,Anna Cohen,dcohe
991017653147903851,Book - Physical,Jonathan Tisch,dtisc
991017653148003851,Book - Physical,Jonathan Tisch,dtisc
991017653148203851,Book - Physical,Anna Cohen,dcohe
991017653148303851,Book - Physical,Anna Cohen,dcohe
991017653148603851,Book - Physical,Anna Cohen,dcohe
991017653148803851,Book - Physical,Anna Cohen,dcohe
991017653148903851,Book - Physical,Anna Cohen,dcohe
991017653247603851,Book - Physical,Jonathan Tisch,dtisc
991017653247703851,Book - Physical,Jonathan Tisch,dtisc
991017653247803851,Book - Physical,Anna Cohen,dcohe
991017653248003851,Book - Physical,Jonathan Tisch,dtisc
991017653248203851,Book - Physical,Jonathan Tisch,dtisc
991017653248403851,Book - Physical,Jonathan Tisch,dtisc
991017653248603851,Book - Physical,Anna Cohen,dcohe
991017653248803851,Book - Physical,Anna Cohen,dcohe
991017653249203851,Book - Physical,Anna Cohen,dcohe
991017653541703851,Undefined,Spertus,dsper
991017653743803851,Book - Physical,Willis,dwill
991017653743903851,Book - Physical,Willis,dwill
991017653744003851,Book - Physical,Willis,dwill
991017653744103851,Book - Physical,Willis,dwill
991017653744203851,Book - Physical,Willis,dwill
991017653744303851,Book - Physical,Willis,dwill
991017653744403851,Book - Physical,Willis,dwill
991017653744503851,Book - Physical,Willis,dwill
991017653744603851,Book - Physical,Willis,dwill
991017653744903851,Book - Physical,Duke,dduke
991017653745003851,Book - Physical,Brian C. O'Connell,docon
991017653745103851,Book - Electronic,Brian C. O'Connell,docon
991017653745203851,Book - Physical,Marcopoulos,dmarc
991017653745303851,Book - Physical,Brian C. O'Connell,docon
991017653745403851,Book - Physical,Brian C. O'Connell,docon
991017653745503851,Book - Physical,Brian C. O'Connell,docon
991017653745603851,Book - Physical,Brian C. O'Connell,docon
991017653745703851,Book - Physical,Brian C. O'Connell,docon
991017653745903851,Book - Physical,Brian C. O'Connell,docon
991017653746003851,Book - Physical,Brian C. O'Connell,docon
991017653746103851,Book - Physical,Brian C. O'Connell,docon
991017653746203851,Book - Physical,Brian C. O'Connell,docon
991017653746303851,Book - Physical,Marcopoulos,dmarc
991017653746403851,Book - Physical,Marcopoulos,dmarc
991017653746503851,Book - Physical,Marcopoulos,dmarc
991017653746603851,Book - Physical,Brian C. O'Connell,docon
991017653746703851,Book - Physical,Brian C. O'Connell,docon
991017653746803851,Book - Physical,Brian C. O'Connell,docon
991017653746903851,Book - Physical,Marcopoulos,dmarc
991017653747003851,Book - Physical,Marcopoulos,dmarc
991017653747203851,Book - Physical,Marcopoulos,dmarc
991017653747503851,Book - Physical,Brian C. O'Connell,docon
991017653747803851,Book - Physical,Marcopoulos,dmarc
991017653747903851,Book - Physical,Marcopoulos,dmarc
991017653748103851,Book - Physical,Brian C. O'Connell,docon
991017653748203851,Book - Physical,Brian C. O'Connell,docon
991017653748303851,Book - Physical,Brian C. O'Connell,docon
991017653748403851,Book - Physical,Marcopoulos,dmarc
991017653748503851,Book - Physical,Brian C. O'Connell,docon
991017653748903851,Book - Physical,Marcopoulos,dmarc
991017653749003851,Book - Physical,Marcopoulos,dmarc
991017653749103851,Book - Physical,Marcopoulos,dmarc
991017653749303851,Book - Physical,Marcopoulos,dmarc
991017653749403851,Book - Physical,Marcopoulos,dmarc
991017653749603851,Book - Physical,Marcopoulos,dmarc
991017653749703851,Book - Physical,Marcopoulos,dmarc
991017653847303851,Book - Physical,Willis,dwill
991017653847403851,Book - Physical,Duke,dduke
991017653847503851,Book - Physical,Brian C. O'Connell,docon
991017653847603851,Book - Physical,Brian C. O'Connell,docon
991017653847703851,Book - Physical,Brian C. O'Connell,docon
991017653847803851,Book - Physical,Brian C. O'Connell,docon
991017653847903851,Book - Physical,Marcopoulos,dmarc
991017653848003851,Book - Physical,Brian C. O'Connell,docon
991017653848303851,Book - Physical,Brian C. O'Connell,docon
991017653848703851,Book - Physical,Brian C. O'Connell,docon
991017653848803851,Book - Physical,Brian C. O'Connell,docon
991017653848903851,Book - Physical,Marcopoulos,dmarc
991017653849003851,Book - Physical,Marcopoulos,dmarc
991017653849503851,Book - Physical,Brian C. O'Connell,docon
991017653849603851,Book - Physical,Brian C. O'Connell,docon
991017654237803851,Book - Physical,Blake,dblak
991017654238203851,Book - Physical,Blake,dblak
991017654238203851,Book - Physical,Fox,dfox
991017654238303851,Book - Physical,Blake,dblak
991017654239003851,Book - Physical,Duke,dduke
991017654239203851,Book - Physical,Blake,dblak
991017654240103851,Book - Physical,Blake,dblak
991017654347003851,Book - Electronic,Duke,dduke
991017654347103851,Book - Electronic,Duke,dduke
991017655348303851,Book - Physical,Willis,dwill
991017655543403851,Book - Electronic,Ross - Gerontology,drosg
991017655639803851,Book - Electronic,Ross - Gerontology,drosg
991017655647903851,Book - Electronic,Marcopoulos,dmarc
991017656041503851,Book - Electronic,Ross - Gerontology,drosg
991017656146903851,Book - Physical,Marcopoulos,dmarc
991017656147503851,Book - Physical,Marcopoulos,dmarc
991017656148203851,Book - Physical,Marcopoulos,dmarc
991017656148903851,Book - Physical,Marcopoulos,dmarc
991017656149003851,Book - Physical,Marcopoulos,dmarc
991017656149103851,Book - Physical,Marcopoulos,dmarc
991017656149203851,Book - Physical,Marcopoulos,dmarc
991017656149303851,Book - Physical,Marcopoulos,dmarc
991017656149403851,Book - Physical,Marcopoulos,dmarc
991017656149503851,Book - Physical,Marcopoulos,dmarc
991017656149603851,Book - Physical,Marcopoulos,dmarc
991017656149703851,Book - Physical,Marcopoulos,dmarc
991017656149803851,Book - Physical,Marcopoulos,dmarc
991017656246803851,Book - Physical,Ross - Gerontology,drosg
991017656246903851,Book - Physical,Marcopoulos,dmarc
991017656249503851,Book - Physical,Marcopoulos,dmarc
991017656249703851,Book - Physical,Marcopoulos,dmarc
991017656249803851,Book - Physical,Marcopoulos,dmarc
991017656744703851,Book - Electronic,Duke,dduke
991017656746703851,Book - Electronic,Duke,dduke
991017656746803851,Book - Electronic,Duke,dduke
991017656746903851,Book - Electronic,Duke,dduke
991017657377403851,Book - Physical,Duke,dduke
991017671743003851,Book - Physical,Willis,dwill
991017671746103851,Book - Physical,Spertus,dsper
991017671748203851,Book - Physical,Macgregor Family,dchri
991017671748703851,Book - Physical,Macgregor Family,dchri
991017671748903851,Book - Physical,Macgregor Family,dchri
991017671749303851,Book - Physical,Duke,dduke
991017671749403851,Book - Physical,Gordon Gift,dgord
991017671849403851,Book - Physical,Macgregor Family,dchri
991017671849503851,Book - Physical,Macgregor Family,dchri
991017671849603851,Book - Physical,Macgregor Family,dchri
991017671849703851,Book - Physical,Macgregor Family,dchri
991017671849803851,Book - Physical,Macgregor Family,dchri
991017673949703851,Book - Physical,Spertus,dsper
991017674244903851,Book - Physical,Marcopoulos,dmarc
991017674245103851,Book - Physical,Marcopoulos,dmarc
991017674245303851,Book - Physical,Marcopoulos,dmarc
991017674245403851,Book - Physical,Marcopoulos,dmarc
991017674245503851,Book - Physical,Marcopoulos,dmarc
991017674245603851,Book - Physical,Marcopoulos,dmarc
991017674245703851,Book - Physical,Marcopoulos,dmarc
991017674245803851,Book - Physical,Marcopoulos,dmarc
991017674245903851,Book - Physical,Marcopoulos,dmarc
991017674246003851,Book - Physical,Marcopoulos,dmarc
991017674246103851,Book - Physical,Marcopoulos,dmarc
991017674246203851,Book - Physical,Marcopoulos,dmarc
991017674246303851,Book - Physical,Marcopoulos,dmarc
991017674246403851,Book - Physical,Marcopoulos,dmarc
991017674246803851,Book - Physical,Marcopoulos,dmarc
991017674247003851,Book - Physical,Marcopoulos,dmarc
991017674247103851,Book - Physical,Marcopoulos,dmarc
991017674247203851,Book - Physical,Marcopoulos,dmarc
991017674247603851,Book - Physical,Marcopoulos,dmarc
991017674247703851,Book - Physical,Marcopoulos,dmarc
991017674247803851,Book - Physical,Marcopoulos,dmarc
991017674248003851,Book - Physical,Marcopoulos,dmarc
991017674248103851,Book - Physical,Marcopoulos,dmarc
991017674248203851,Book - Physical,Marcopoulos,dmarc
991017674248303851,Book - Physical,Marcopoulos,dmarc
991017674248403851,Book - Physical,Marcopoulos,dmarc
991017674248503851,Book - Physical,Marcopoulos,dmarc
991017674248803851,Book - Physical,Marcopoulos,dmarc
991017674249003851,Book - Physical,Marcopoulos,dmarc
991017674249203851,Book - Physical,Marcopoulos,dmarc
991017674249303851,Book - Physical,Willis,dwill
991017674249403851,Book - Physical,Marcopoulos,dmarc
991017674249603851,Book - Physical,Marcopoulos,dmarc
991017674249703851,Book - Physical,Marcopoulos,dmarc
991017674344103851,Book - Physical,Marcopoulos,dmarc
991017674344203851,Book - Physical,Marcopoulos,dmarc
991017674344303851,Book - Physical,Marcopoulos,dmarc
991017674344403851,Book - Physical,Marcopoulos,dmarc
991017674344503851,Book - Physical,Marcopoulos,dmarc
991017674344803851,Book - Physical,Marcopoulos,dmarc
991017674344903851,Book - Physical,Marcopoulos,dmarc
991017674345103851,Book - Physical,Marcopoulos,dmarc
991017674345203851,Book - Physical,Marcopoulos,dmarc
991017674345303851,Book - Physical,Marcopoulos,dmarc
991017674345403851,Book - Physical,Marcopoulos,dmarc
991017674345503851,Book - Physical,Marcopoulos,dmarc
991017674346903851,Book - Physical,Marcopoulos,dmarc
991017674347003851,Book - Physical,Marcopoulos,dmarc
991017674347303851,Book - Physical,Marcopoulos,dmarc
991017674348003851,Book - Physical,Marcopoulos,dmarc
991017674348203851,Book - Physical,Marcopoulos,dmarc
991017674348803851,Book - Physical,Marcopoulos,dmarc
991017674349403851,Book - Physical,Marcopoulos,dmarc
991017674349503851,Microforms,Marcopoulos,dmarc
991017674349703851,Book - Physical,Marcopoulos,dmarc
991017674349803851,Book - Physical,Marcopoulos,dmarc
991017674630103851,Book - Physical,Giffuni,dgiff
991017675035903851,Book - Physical,Giffuni,dgiff
991017675036003851,Book - Physical,Giffuni,dgiff
991017675036103851,Book - Physical,Giffuni,dgiff
991017675041703851,Book - Electronic,Duke,dduke
991017675041803851,Book - Electronic,Duke,dduke
991017675102203851,Book - Physical,Duke,dduke
991017675103503851,Book - Physical,Duke,dduke
991017675103703851,Book - Physical,Blake,dblak
991017677841803851,Book - Physical,Duke,dduke
991017692024103851,Book - Physical,Duke,dduke
991017692024803851,Book - Physical,Duke,dduke
991017692647403851,Book - Electronic,Duke,dduke
991017692647503851,Book - Electronic,Duke,dduke
991017692647603851,Book - Electronic,Duke,dduke
991017692647703851,Book - Electronic,Duke,dduke
991017692647803851,Book - Electronic,Duke,dduke
991017692647903851,Book - Electronic,Duke,dduke
991017692648503851,Book - Physical,Spertus,dsper
991017694649403851,Book - Physical,Willis,dwill
991017694849703851,Book - Physical,Willis,dwill
991017694849803851,Book - Physical,Willis,dwill
991017694949803851,Book - Physical,Willis,dwill
991017695338303851,Book - Physical,Giffuni,dgiff
991017695338403851,Book - Physical,Giffuni,dgiff
991017695338503851,Book - Physical,Giffuni,dgiff
991017695338603851,Book - Physical,Giffuni,dgiff
991017695346203851,Book - Physical,Gordon Gift,dgord
991017695346303851,Book - Physical,Willis,dwill
991017695346403851,Book - Physical,Willis,dwill
991017695346503851,Book - Physical,Willis,dwill
991017695438903851,Book - Physical,Willis,dwill
991017695445703851,Book - Physical,Willis,dwill
991017695448203851,Book - Physical,Willis,dwill
991017696142303851,Book - Physical,Giffuni,dgiff
991017696436703851,Book - Physical,Marcopoulos,dmarc
991017696437103851,Book - Physical,Hally,dhaly
991017696437203851,Book - Physical,Marcopoulos,dmarc
991017696437303851,Book - Physical,Marcopoulos,dmarc
991017696437403851,Book - Physical,Marcopoulos,dmarc
991017696437503851,Book - Physical,Marcopoulos,dmarc
991017696437603851,Book - Physical,Marcopoulos,dmarc
991017696437703851,Book - Physical,Marcopoulos,dmarc
991017696437803851,Book - Physical,Marcopoulos,dmarc
991017696437903851,Book - Physical,Marcopoulos,dmarc
991017696438003851,Book - Physical,Marcopoulos,dmarc
991017696438103851,Book - Physical,Marcopoulos,dmarc
991017696438203851,Book - Physical,Marcopoulos,dmarc
991017696438303851,Book - Physical,Marcopoulos,dmarc
991017696438403851,Book - Physical,Marcopoulos,dmarc
991017696438503851,Book - Physical,Marcopoulos,dmarc
991017696438603851,Book - Physical,Marcopoulos,dmarc
991017696438703851,Book - Physical,Marcopoulos,dmarc
991017696438803851,Book - Physical,Marcopoulos,dmarc
991017696439103851,Book - Physical,Alexander,dalex
991017696439203851,Book - Physical,Alexander,dalex
991017696439303851,Book - Physical,Alexander,dalex
991017696439403851,Book - Physical,Alexander,dalex
991017696439503851,Book - Physical,Alexander,dalex
991017696439603851,Book - Physical,Alexander,dalex
991017696439703851,Book - Physical,Brian C. O'Connell,docon
991017696439903851,Book - Physical,Brian C. O'Connell,docon
991017696440103851,Book - Physical,Marcopoulos,dmarc
991017696440203851,Book - Physical,Brian C. O'Connell,docon
991017696440303851,Book - Physical,Marcopoulos,dmarc
991017696440403851,Book - Physical,Brian C. O'Connell,docon
991017696440603851,Book - Physical,Marcopoulos,dmarc
991017696441003851,Book - Physical,Marcopoulos,dmarc
991017696441603851,Book - Physical,Marcopoulos,dmarc
991017696441803851,Book - Physical,Marcopoulos,dmarc
991017696441903851,Book - Physical,Brian C. O'Connell,docon
991017696442203851,Book - Physical,Brian C. O'Connell,docon
991017696442703851,Book - Physical,Hally,dhaly
991017696442803851,Book - Physical,Brian C. O'Connell,docon
991017696443103851,Book - Physical,Brian C. O'Connell,docon
991017696443303851,Book - Physical,Brian C. O'Connell,docon
991017696443503851,Book - Physical,Marcopoulos,dmarc
991017696443603851,Book - Physical,Marcopoulos,dmarc
991017696443703851,Book - Physical,Marcopoulos,dmarc
991017696443803851,Book - Physical,Marcopoulos,dmarc
991017696443903851,Book - Physical,Marcopoulos,dmarc
991017696444003851,Book - Physical,Marcopoulos,dmarc
991017696444103851,Book - Physical,Marcopoulos,dmarc
991017696444203851,Book - Physical,Marcopoulos,dmarc
991017696444303851,Book - Physical,Marcopoulos,dmarc
991017696444403851,Book - Physical,Marcopoulos,dmarc
991017696444503851,Book - Physical,Marcopoulos,dmarc
991017696444603851,Book - Physical,Marcopoulos,dmarc
991017696444703851,Book - Physical,Marcopoulos,dmarc
991017696444803851,Book - Physical,Marcopoulos,dmarc
991017696444903851,Book - Physical,Marcopoulos,dmarc
991017696445003851,Book - Physical,Marcopoulos,dmarc
991017696445103851,Book - Physical,Marcopoulos,dmarc
991017696445203851,Book - Physical,Marcopoulos,dmarc
991017696445303851,Book - Physical,Marcopoulos,dmarc
991017696445403851,Book - Physical,Marcopoulos,dmarc
991017696445703851,Book - Physical,Willis,dwill
991017696445803851,Book - Physical,Willis,dwill
991017696445903851,Book - Physical,Willis,dwill
991017696446003851,Book - Physical,Jonathan Tisch,dtisc
991017696446103851,Book - Physical,Jonathan Tisch,dtisc
991017696446203851,Book - Physical,Willis,dwill
991017696446303851,Book - Physical,Jonathan Tisch,dtisc
991017696446403851,Book - Physical,Willis,dwill
991017696446503851,Book - Physical,Willis,dwill
991017696446603851,Book - Physical,Jonathan Tisch,dtisc
991017696446703851,Book - Physical,Willis,dwill
991017696446903851,Book - Physical,Jonathan Tisch,dtisc
991017696447003851,Book - Physical,Willis,dwill
991017696447203851,Book - Physical,Gordon Gift,dgord
991017696447303851,Book - Physical,Jonathan Tisch,dtisc
991017696447503851,Book - Physical,Jonathan Tisch,dtisc
991017696447603851,Book - Physical,Jonathan Tisch,dtisc
991017696447803851,Book - Physical,Jonathan Tisch,dtisc
991017696447903851,Book - Physical,Jonathan Tisch,dtisc
991017696448003851,Book - Physical,Jonathan Tisch,dtisc
991017696448103851,Book - Physical,Anna Cohen,dcohe
991017696448203851,Book - Physical,Anna Cohen,dcohe
991017696448503851,Book - Physical,Gordon Gift,dgord
991017696448703851,Book - Physical,Gordon Gift,dgord
991017696448803851,Book - Physical,Gordon Gift,dgord
991017696448903851,Book - Physical,Gordon Gift,dgord
991017696449003851,Book - Physical,Gordon Gift,dgord
991017696449103851,Book - Physical,Gordon Gift,dgord
991017696449203851,Book - Physical,Gordon Gift,dgord
991017696449303851,Book - Physical,Gordon Gift,dgord
991017696449403851,Book - Physical,Gordon Gift,dgord
991017696449503851,Book - Physical,Gordon Gift,dgord
991017696449603851,Book - Physical,Gordon Gift,dgord
991017696449703851,Book - Physical,Gordon Gift,dgord
991017696449803851,Book - Physical,Gordon Gift,dgord
991017696532903851,Book - Physical,Marcopoulos,dmarc
991017696533003851,Book - Physical,Marcopoulos,dmarc
991017696533103851,Book - Physical,Marcopoulos,dmarc
991017696533203851,Book - Physical,Marcopoulos,dmarc
991017696533303851,Book - Physical,Marcopoulos,dmarc
991017696534103851,Book - Physical,Hally,dhaly
991017696534203851,Book - Physical,Marcopoulos,dmarc
991017696534303851,Book - Physical,Marcopoulos,dmarc
991017696534503851,Book - Physical,Marcopoulos,dmarc
991017696534603851,Book - Physical,Marcopoulos,dmarc
991017696534703851,Book - Physical,Marcopoulos,dmarc
991017696534803851,Book - Physical,Marcopoulos,dmarc
991017696534903851,Book - Physical,Marcopoulos,dmarc
991017696535003851,Book - Physical,Marcopoulos,dmarc
991017696535103851,Book - Physical,Marcopoulos,dmarc
991017696535203851,Book - Physical,Campbell,dcamp
991017696535303851,Book - Physical,Campbell,dcamp
991017696535403851,Book - Physical,Campbell,dcamp
991017696535603851,Book - Physical,Campbell,dcamp
991017696535703851,Book - Physical,Marcopoulos,dmarc
991017696535803851,Book - Physical,Marcopoulos,dmarc
991017696535903851,Book - Physical,Marcopoulos,dmarc
991017696536003851,Book - Physical,Campbell,dcamp
991017696536103851,Book - Physical,Campbell,dcamp
991017696536203851,Book - Physical,Campbell,dcamp
991017696536303851,Book - Physical,Alexander,dalex
991017696536403851,Book - Physical,Alexander,dalex
991017696537003851,Book - Physical,Alexander,dalex
991017696537303851,Book - Physical,Alexander,dalex
991017696537603851,Book - Physical,Alexander,dalex
991017696537703851,Book - Physical,Alexander,dalex
991017696537803851,Book - Physical,Alexander,dalex
991017696537903851,Book - Physical,Alexander,dalex
991017696538003851,Book - Physical,Alexander,dalex
991017696538103851,Book - Physical,Alexander,dalex
991017696538203851,Book - Physical,Alexander,dalex
991017696538303851,Book - Physical,Alexander,dalex
991017696538403851,Book - Physical,Alexander,dalex
991017696538503851,Book - Physical,Alexander,dalex
991017696538603851,Book - Physical,Alexander,dalex
991017696538703851,Book - Physical,Alexander,dalex
991017696538803851,Book - Physical,Alexander,dalex
991017696538903851,Book - Physical,Alexander,dalex
991017696539003851,Book - Physical,Alexander,dalex
991017696539103851,Book - Physical,Alexander,dalex
991017696539303851,Book - Physical,Brian C. O'Connell,docon
991017696539403851,Book - Physical,Marcopoulos,dmarc
991017696539503851,Book - Physical,Marcopoulos,dmarc
991017696539603851,Book - Physical,Brian C. O'Connell,docon
991017696539903851,Book - Physical,Brian C. O'Connell,docon
991017696540403851,Book - Physical,Marcopoulos,dmarc
991017696540503851,Book - Physical,Marcopoulos,dmarc
991017696541203851,Book - Physical,Brian C. O'Connell,docon
991017696541503851,Book - Physical,Brian C. O'Connell,docon
991017696541603851,Book - Physical,Brian C. O'Connell,docon
991017696541703851,Book - Physical,Brian C. O'Connell,docon
991017696541803851,Book - Physical,Brian C. O'Connell,docon
991017696542103851,Book - Physical,Brian C. O'Connell,docon
991017696542303851,Book - Physical,Brian C. O'Connell,docon
991017696542503851,Book - Physical,Brian C. O'Connell,docon
991017696542603851,Book - Physical,Brian C. O'Connell,docon
991017696542803851,Book - Physical,Brian C. O'Connell,docon
991017696543003851,Book - Physical,Brian C. O'Connell,docon
991017696543203851,Book - Physical,Hally,dhaly
991017696543603851,Book - Physical,Brian C. O'Connell,docon
991017696543803851,Book - Physical,Hally,dhaly
991017696543903851,Book - Physical,Hally,dhaly
991017696544403851,Book - Physical,Marcopoulos,dmarc
991017696544803851,Book - Physical,Brian C. O'Connell,docon
991017696544903851,Book - Physical,Marcopoulos,dmarc
991017696545003851,Book - Physical,Marcopoulos,dmarc
991017696545103851,Book - Physical,Marcopoulos,dmarc
991017696545203851,Book - Physical,Marcopoulos,dmarc
991017696545303851,Book - Physical,Marcopoulos,dmarc
991017696545403851,Book - Physical,Marcopoulos,dmarc
991017696545503851,Book - Physical,Marcopoulos,dmarc
991017696545603851,Book - Physical,Marcopoulos,dmarc
991017696545703851,Book - Physical,Marcopoulos,dmarc
991017696545803851,Book - Physical,Marcopoulos,dmarc
991017696545903851,Book - Physical,Marcopoulos,dmarc
991017696546003851,Book - Physical,Marcopoulos,dmarc
991017696546103851,Book - Physical,Marcopoulos,dmarc
991017696546203851,Book - Physical,Willis,dwill
991017696546303851,Book - Physical,Willis,dwill
991017696546403851,Book - Physical,Willis,dwill
991017696546503851,Book - Physical,Willis,dwill
991017696546603851,Book - Physical,Willis,dwill
991017696546703851,Book - Physical,Willis,dwill
991017696546803851,Book - Physical,Jonathan Tisch,dtisc
991017696546903851,Book - Physical,Willis,dwill
991017696547003851,Book - Physical,Willis,dwill
991017696547103851,Book - Physical,Willis,dwill
991017696547203851,Book - Physical,Willis,dwill
991017696547403851,Book - Physical,Willis,dwill
991017696547603851,Book - Physical,Jonathan Tisch,dtisc
991017696548303851,Book - Physical,Jonathan Tisch,dtisc
991017696548403851,Book - Physical,Jonathan Tisch,dtisc
991017696548503851,Book - Physical,Jonathan Tisch,dtisc
991017696548703851,Book - Physical,Anna Cohen,dcohe
991017696548803851,Book - Physical,Anna Cohen,dcohe
991017696548903851,Book - Physical,Anna Cohen,dcohe
991017696549003851,Book - Physical,Anna Cohen,dcohe
991017696549203851,Book - Physical,Gordon Gift,dgord
991017696549303851,Book - Physical,Gordon Gift,dgord
991017696549403851,Book - Physical,Gordon Gift,dgord
991017696549503851,Book - Physical,Willis,dwill
991017696549603851,Book - Physical,Willis,dwill
991017696549803851,Book - Physical,Gordon Gift,dgord
991017698412403851,Book - Physical,Duke,dduke
991017699347803851,Book - Physical,Willis,dwill
991017699348203851,Book - Physical,Willis,dwill
991017699348303851,Book - Physical,Willis,dwill
991017699348403851,Book - Physical,Willis,dwill
991017699448303851,Book - Physical,Willis,dwill
991017699448403851,Book - Physical,Willis,dwill
991017699448603851,Book - Physical,Willis,dwill
991017699846203851,Book - Physical,Marcopoulos,dmarc
991017699846303851,Book - Physical,Marcopoulos,dmarc
991017699849303851,Book - Physical,Willis,dwill
991017699849403851,Book - Physical,Willis,dwill
991017699849503851,Book - Physical,Willis,dwill
991017712947203851,Book - Physical,Willis,dwill
991017712947403851,Book - Physical,Marcopoulos,dmarc
991017713246603851,Book - Physical,Marcopoulos,dmarc
991017715649603851,Book - Physical,Marcopoulos,dmarc
991017715649703851,Book - Physical,Marcopoulos,dmarc
991017715649703851,Book - Physical,Willis,dwill
991017715649803851,Book - Physical,Marcopoulos,dmarc
991017720748303851,Book - Physical,Giffuni,dgiff
991017720748403851,Book - Physical,Giffuni,dgiff
991017720748503851,Book - Physical,Giffuni,dgiff
991017720748603851,Book - Physical,Giffuni,dgiff